<?xml version="1.0" encoding="UTF-8" standalone="yes"?>
<addon id="plugin.video.xctechs"
	name="XCTechs"
	version="1.2.8"
	provider-name="xctechs.info">
  <requires>
    <import addon="xbmc.python" version="2.1.0"/>
    <import addon="script.module.addon.common" version="2.0.0"/>
    <import addon="plugin.video.youtube" version="5.0.0"/>
  </requires>
  <extension point="xbmc.python.pluginsource" library="default.py">
    <provides>video</provides>
  </extension>
  <extension point="xbmc.addon.metadata">
    <summary lang="en">XCTechs</summary>
    <description lang="en">Love Teaching people step by step Guides, teaching in style</description>
    <platform>all</platform>
    <website>http://www.xctechs.info</website>
  </extension>
</addon>
