<?xml version="1.0" encoding="UTF-8" standalone="yes"?>
<addon id="plugin.program.oepia" name="VPN for [COLOR grey]Open[/COLOR][COLOR blue]ELEC[/COLOR]" version="1.0.6" provider-name="MetalKettle">
  <requires>
    <import addon="xbmc.python" version="2.1.0"/>
    <import addon="os.openelec.tv" version="6.0"/>
    <import addon="network.openvpn" version="6.0"/>
  </requires>
  <extension point="xbmc.python.pluginsource" library="default.py">
        <provides>executable</provides>
  </extension>
  <extension point="xbmc.addon.metadata">
    <summary lang="en">Setup VPN Access on OpenELEC</summary>
    <description lang="en">Setup VPN Access on OpenELEC.</description>
    <platform>all</platform>
  </extension>
</addon>
