<?xml version="1.0" encoding="UTF-8" standalone="yes"?>
<addon id="JoeNobody" name="JoeNobody YouTube Videos" version="1.0.0" provider-name="JoeNobody / MetalKettle">
  <requires>
    <import addon="xbmc.python" version="2.1.0"/>
    <import addon="plugin.video.youtube" version="3.0.0"/>
  </requires>
  <extension point="xbmc.python.pluginsource" library="default.py">
        <provides>video</provides>
  </extension>
  <extension point="xbmc.addon.metadata">
    <summary lang="en"></summary>
    <description lang="en"></description>
    <platform>all</platform>
  </extension>
</addon>
